{
  "ecfp_lr": {
    "roc_auc": 0.9215912126068377,
    "f1": 0.9355828220858896,
    "params": 0.0,
    "epoch_time": 0.0,
    "latency_ms": 0.04558088246495554
  },
  "hybrid_gat": {
    "roc_auc": 0.9229433760683762,
    "f1": 0.9353383458646617,
    "params": 69665.0,
    "epoch_time": 4.827675138891209,
    "latency_ms": 0.3695377449998084
  }
}