{
  "ecfp_lr": {
    "rmse": 1.2455530697677435,
    "params": 0.0,
    "epoch_time": 0.0,
    "latency_ms": 0.01974955749228201
  },
  "hybrid_gat": {
    "rmse": 1.2131024604130287,
    "params": 69665.0,
    "epoch_time": 2.093169669996132,
    "latency_ms": 0.7068893807297325
  }
}