Model,ROC-AUC/RMSE,F1,Params,Epoch Time
ecfp_lr,1.2455530697677435,,0.0,0.0
hybrid_gat,1.2131024604130287,,69665.0,2.093169669996132
