Model,ROC-AUC/RMSE,F1,Params,Epoch Time
ecfp_lr,0.9215912126068377,0.9355828220858896,0.0,0.0
hybrid_gat,0.9229433760683762,0.9353383458646617,69665.0,4.827675138891209
